ID,price
0,66.18699861642651
1,72.9709967035355
2,88.21212359786078
3,57.05821085384758
4,79.66636984371809
5,294.19925169144983
6,92.14138944478202
7,37.68985983505717
8,42.523871687665114
9,355.70263712900095
10,64.23208355435864
11,109.38891944011988
12,40.71566553749772
13,33.617843211330985
14,71.36695559846989
15,96.65809871131607
16,63.221015304639
17,58.39891759705506
18,91.3341009203207
19,47.98885814924092
20,39.528987864482765
21,64.85054724364002
22,72.26406441924185
23,147.60531673938505
24,78.05990789149227
25,110.35415588349525
26,34.1844986299247
27,58.08022850061719
28,489.930496484128
29,46.1231859894911
30,193.43504382470917
31,143.16722571504008
32,43.393953074255485
33,25.074848610661828
34,64.88265193591754
35,215.30165504026178
36,39.70595140292716
37,62.72261362174146
38,61.82135305527732
39,176.8333584479753
40,27.718843841706992
41,198.93118344685314
42,138.42767332579598
43,76.61402532194691
44,80.13537087688569
45,57.05103722373983
46,54.0655848339689
47,33.722052500748894
48,27.535289630678225
49,158.32051685966852
50,35.9800224388159
51,399.4682185096693
52,57.96979340091967
53,29.247177026503802
54,55.59738099405321
55,121.74165800673016
56,138.28894605951768
57,189.01210845330746
58,116.0714799868454
59,125.39174698540164
60,45.83357748536592
61,76.14060901167255
62,246.56261545020746
63,63.11731729444962
64,147.18133528873335
65,35.54253348102682
66,58.92838598815046
67,81.138839681792
68,165.3314290127516
69,150.5799386672551
70,101.05877025844549
71,76.580082469114
72,118.61306424998476
73,43.34069911362081
74,91.03977669418128
75,154.56389718686802
76,78.82106468421877
77,180.21764725136313
78,47.01376119088536
79,73.15125625865133
80,238.0776919069609
81,215.79687794204835
82,60.38916331330078
83,53.44585512070525
84,96.41460853540067
85,79.88545689600753
86,80.4340788639736
87,117.9532890587243
88,30.410999581566735
89,85.51720584443156
90,50.04890629385617
91,51.316800300939114
92,47.12806122858276
93,819.7254919524553
94,68.0219925104859
95,62.37719372464301
96,27.90582363947857
97,61.23117775747906
98,230.11001185675997
99,37.4819100178753
100,275.28144891350917
101,62.60343394281202
102,166.69989286709432
103,180.1386438002204
104,240.32580695646791
105,55.82715853691742
106,103.06840226004314
107,116.6304600729507
108,63.13044820377515
109,317.69203443100014
110,65.15980342021737
111,71.66782423829996
112,95.5326413921313
113,73.16734556114224
114,174.06169603938636
115,44.834579106503476
116,48.08960167683385
117,151.8354942725006
118,95.77605272466107
119,35.7137578848216
120,49.107954989136346
121,84.31868640679222
122,102.80968816128856
123,64.37700156691602
124,28.33198693715909
125,53.73510842456637
126,103.01266724485191
127,106.54475040904754
128,38.646727799133174
129,47.782140679432956
130,128.11235616317697
131,46.32854711977647
132,82.96081572680015
133,41.98198417986645
134,48.81590498380882
135,426.35011066522395
136,127.88300298757274
137,49.44455569966633
138,91.55626865387079
139,46.37334860305136
140,130.90232793807638
141,17.61431690012445
142,47.011571109690045
143,190.06163720065257
144,92.51809592124378
145,51.906869763874354
146,85.10538581239966
147,65.75653882514119
148,51.31550941452564
149,70.53625271009568
150,104.43151874424947
151,59.8975935005981
152,49.270328648450295
153,165.43038283980624
154,139.77851866364398
155,53.94366939039215
156,99.1785490471057
157,100.32700814191473
158,91.2539102192271
159,223.76328732667656
160,45.5444323274029
161,55.41568597069629
162,63.53993624166603
163,73.09837935637469
164,40.46609189170874
165,65.17968783255655
166,330.17480963200245
167,64.06539219767609
168,54.672431841524975
169,34.40732717971085
170,106.6688975544052
171,46.41775920958494
172,55.086667925264784
173,145.19187878075778
174,53.05375417915025
175,100.23986131787125
176,33.51484195680357
177,611.0230068953448
178,69.74481657277998
179,149.97710057078828
180,65.48546289822181
181,60.353571364938205
182,50.38573644565525
183,114.08764984821974
184,89.00723091019336
185,89.1333528080621
186,48.681331264998434
187,46.40929614043224
188,61.82135305527732
189,55.04407471535043
190,162.65931659589077
191,109.8167346562962
192,41.887217027584164
193,63.90380403828476
194,56.028967414097664
195,64.43623755472676
196,629.3080654018589
197,102.24128826941401
198,67.88312354471888
199,61.827298384399505
200,61.081816441713144
201,57.42678403468648
202,77.89393568681439
203,134.63577518728363
204,76.64765666663227
205,73.45283401189104
206,44.09143076355376
207,70.09827187492056
208,88.94795511139478
209,42.758924667527246
210,54.821650776083324
211,62.32368989196286
212,44.78262601303009
213,65.63295337634995
214,57.34483175333614
215,210.4762083344439
216,39.12381300365403
217,53.7751158732885
218,37.33533560683302
219,99.35083787351414
220,39.282789873235856
221,95.90040810582074
222,80.1374094554596
223,71.55238911431914
224,51.62118841213493
225,188.1248314808819
226,63.983326119113286
227,134.15171954731568
228,66.30347584971769
229,343.4890720822577
230,151.67214616634246
231,176.6091386008781
232,43.47314826586087
233,55.504829966951164
234,56.03701184509178
235,56.770573416801284
236,17.92166561796366
237,66.58201743936586
238,100.89970711894676
239,32.483505880514585
240,164.48064029773695
241,144.34200029852911
242,62.90084131315754
243,65.46209007726165
244,126.28942752730313
245,45.083986622777495
246,49.549286643569545
247,49.879795415810776
248,87.86797918489572
249,55.87211117264718
250,95.52431513420855
251,44.84293524803793
252,282.2102137220921
253,50.30422761612784
254,573.9178829382894
255,48.24168040021008
256,194.1168008050249
257,134.16758311556026
258,99.51391346850475
259,64.900706760048
260,155.48742879233737
261,105.80393857008869
262,147.8309679390556
263,51.114431096473794
264,66.13483219703843
265,115.25158222048792
266,45.46795838642619
267,27.597683840499432
268,129.45807959862165
269,46.258551131337555
270,191.4369754402283
271,60.861862953491055
272,74.98126892174004
273,96.82097391780125
274,43.113690685948264
275,48.744114080717324
276,40.469652932556514
277,318.9667787738744
278,139.68482746628885
279,115.49197231515986
280,61.35444051520136
281,110.60883841337302
282,81.38390159562678
283,49.86023558248425
284,222.5964027941101
285,36.767621015618495
286,115.70940730485874
287,60.147506040386006
288,65.65705733829783
289,65.0640230164508
290,45.46795838642619
291,263.06666752359115
292,63.64926447952462
293,114.21924180290613
294,21.81038680412213
295,57.45782012473232
296,63.01005653492907
297,52.95089688015671
298,58.81013665254525
299,50.47631299437226
300,207.33775397142392
301,65.57345305795926
302,54.0354444329454
303,58.06334888098498
304,90.6817359989151
305,52.803829836023276
306,54.84366282966208
307,90.81298775362802
308,144.49288135462018
309,116.73217607565653
310,34.1788756214233
311,90.51827814513196
312,47.66575362463152
313,198.61648190032997
314,69.44272757608071
315,111.93470172529645
316,219.99428523287585
317,55.10656009185137
318,127.20436431517041
319,52.891975217088074
320,40.4152904433496
321,50.8406541953619
322,56.08830072823457
323,81.41412020302722
324,80.47941464021666
325,81.52892711189197
326,43.09357352573572
327,240.01162836963013
328,109.8167346562962
329,56.053912493676755
330,67.88312354471888
331,68.28302050345664
332,97.83513366484195
333,62.25999513884467
334,62.60160169525893
335,105.34605542854098
336,127.32606758926478
337,51.01691324413008
338,26.82076912651742
339,48.391591687742164
340,138.85005148031502
341,139.0774896443513
342,61.463218528525196
343,108.18184548516025
344,98.92018503699725
345,149.68945781348233
346,80.74067874460083
347,59.54959054623338
348,59.91076686595188
349,58.846547328518746
350,112.27821070800289
351,193.76816683196282
352,53.02162864723954
353,55.263512161621534
354,84.42934088136728
355,48.833153336010376
356,46.439386293010934
357,76.03650316764035
358,172.62432391288118
359,203.73353634362903
360,72.33933169423628
361,72.25563593367083
362,86.66542011731886
363,108.83559218548133
364,74.02344268761338
365,97.58723516678612
366,68.62955096978159
367,56.90400332955344
368,50.28974569396282
369,38.48764609223007
370,52.19792570488048
371,75.25635923187463
372,50.947743311958526
373,23.98931929835368
374,251.60233380226356
375,224.59538357653736
376,194.38507469278844
377,71.02788101266196
378,49.5369806794879
379,280.2537349548893
380,32.46693709088324
381,56.79862842766778
382,109.4412866202231
383,63.4983511827194
384,43.84849717711722
385,61.91896354457556
386,80.95146037087562
387,219.51403623435948
388,142.5934751122611
389,101.42193036455357
390,114.10686062011034
391,96.89066353649172
392,82.90469123125766
393,48.53885890681936
394,170.76526987219086
395,64.11679035607109
396,91.88010118852698
397,166.39115836706515
398,68.24425355083115
399,136.95658881561678
400,62.057432085539325
401,71.09091130137028
402,101.45035384055629
403,129.22504218515343
404,93.62648697532448
405,57.691988005913935
406,58.46835085517754
407,51.05049370605758
408,57.637974918646925
409,53.7751158732885
410,51.63807964513587
411,46.69665093178349
412,34.737571944638475
413,56.13511551561928
414,397.87844029652626
415,123.6967144806436
416,49.975912716773536
417,62.42029926609344
418,38.88076070695828
419,140.6057254555731
420,69.83175343659327
421,41.48146457084209
422,151.5455830170372
423,117.81632403132683
424,399.8661116799456
425,72.83440182878752
426,187.95169689725665
427,26.422985917227685
428,64.88265193591754
429,32.093201308366005
430,91.21744616885631
431,42.61158729684868
432,50.667778377827915
433,114.67999223438828
434,71.39327694766158
435,14.817710927323146
436,78.38944473909882
437,75.56575541937251
438,103.43357243202126
439,69.32103996964823
440,355.445862127754
441,346.0864255614411
442,61.2917413747087
443,50.707642531126325
444,374.3153313110841
445,71.26373317096763
446,115.28685543835955
447,48.37152619405655
448,33.18320345335306
449,92.39033279471039
450,58.612110636088914
451,170.04752875747482
452,112.65705510356861
453,122.34700253852118
454,60.21949537366251
455,107.63462276544776
456,84.66733943295809
457,48.20770154636978
458,75.05326848302532
459,77.66779820513906
460,29.888153593525235
461,19.003456483319027
462,98.46631973992113
463,61.653767473043224
464,46.04322863070067
465,56.3956296531274
466,159.38330691227264
467,116.44657206207386
468,58.46835085517754
469,40.71566553749772
470,100.1604746341598
471,64.62431720610269
472,157.19862023269292
473,374.3668527911282
474,52.34496681340635
475,66.54140371406059
476,76.18243025946522
477,60.064909855298865
478,71.96155649202825
479,100.90605438844167
480,61.05948263318018
481,80.77219122393555
482,56.13511551561928
483,133.93277713101816
484,58.823772760212464
485,63.45271900134533
486,667.474260859868
487,59.44048069638293
488,81.60999119324255
489,83.71757977557189
490,61.44369910008051
491,266.95848448065897
492,61.58997132792281
493,114.79998329217652
494,191.07210774279383
495,62.64593281370489
496,159.56525831732768
497,61.41539744774573
498,48.49798787076512
499,44.609746743627205
500,52.944819462568724
501,44.94453265328461
502,105.46340194781055
503,60.453369737221635
504,88.37452796076154
505,91.12023246978003
506,69.84791339980163
507,96.53483541463682
508,56.832653480782966
509,23.884277271533815
510,100.46253243392103
511,73.14683443564857
512,39.25028310461532
513,51.596273746788995
514,51.51979204908762
515,113.83941751673895
516,71.19529366551916
517,23.61631627735549
518,63.517358947526866
519,47.81896283910907
520,138.2906347411816
521,41.72524967709715
522,88.15230698133557
523,93.72171379810376
524,48.368592697516334
525,96.77560805901338
526,71.0999158673902
527,53.11871117831381
528,65.50913403287164
529,55.24862055727149
530,101.09610517072025
531,99.34316638696191
532,105.99505065451108
533,45.15729481983544
534,271.68162591466967
535,31.640663434324082
536,123.88358208520015
537,78.43015697373342
538,257.386054654152
539,64.78874961529323
540,359.89467216062104
541,34.72449325122044
542,114.38608862025794
543,139.31149358224025
544,102.85835459753758
545,55.78540812317042
546,18.665835507344863
547,108.98127082438602
548,31.617057087830823
549,52.94956674361365
550,167.60247954111506
551,62.24560507034961
552,78.17554083728716
553,113.87655512340221
554,57.1409079082822
555,78.95212482455761
556,79.31467828135656
557,38.481751222339916
558,114.74127448840838
559,62.54028816696852
560,52.993006909891776
561,92.51809592124378
562,57.3468018747636
563,104.39358562896638
564,135.31258532652816
565,131.74948417763062
566,56.79862842766778
567,37.68985983505717
568,53.33570285150318
569,29.896977394686324
570,182.376641293394
571,61.333018107653224
572,107.42516608981576
573,142.17548255315089
574,54.51583120041497
575,160.34524853533483
576,402.38341868216537
577,68.43849859950312
578,76.09928244131348
579,43.46027483886537
580,49.48433011409167
581,49.27316946266216
582,95.41378232637443
583,57.640567227979574
584,223.6136952786335
585,60.29348452035986
586,54.260158137869894
587,117.17309245845661
588,108.7544428308782
589,107.01361808099757
590,131.93386900636804
591,94.07888264159419
592,51.316800300939114
593,49.81559996614832
594,94.13511922308928
595,115.90975879746323
596,79.9746186845131
597,61.207055336914216
598,57.20159945429753
599,63.117450630756395
600,60.97983663395597
601,30.94358641946638
602,301.38819291896556
603,43.81647434965894
604,81.83135722641521
605,52.60563577994112
606,72.90804886255671
607,96.1862325334623
608,61.0111759446518
609,172.29677680926727
610,45.50544128653766
611,64.76825570267145
612,120.90469143397591
613,121.91366338139005
614,95.76564028335297
615,34.243825311470424
616,41.537711536176545
617,52.302186027638896
618,36.535542353332396
619,144.16183128991358
620,55.50934220860297
621,59.27801136214295
622,61.13745581585585
623,67.80530967987289
624,60.51672258824836
625,54.29688326099248
626,114.85806178832827
627,182.67305577894174
628,105.0690075759716
629,70.011017519784
630,47.14177727118014
631,76.02165939431788
632,62.93263663681052
633,59.66025508317705
634,277.11416482970736
635,55.67177558232038
636,485.42954094659564
637,63.45271900134533
638,113.53969545962623
639,52.588787757314556
640,71.57049219957248
641,171.2771715743084
642,126.40547669514928
643,94.33817326299982
644,88.87257771866707
645,121.45545031901344
646,56.737094528283805
647,120.32051255067206
648,32.648016510841416
649,190.66877331829406
650,61.58602997451465
651,47.597910630841774
652,58.18795999986462
653,413.92379879136274
654,343.47459747190175
655,48.88955342722601
656,54.0728354516776
657,94.21950331499683
658,133.85044351113058
659,60.88197630707404
660,74.02344268761338
661,44.13173519914786
662,34.73316645706157
663,143.6213675222135
664,92.1149023589842
665,88.59473522397757
666,56.55732772405086
667,227.26788879569852
668,328.8189345656952
669,89.17240390543971
670,60.06636928056658
671,415.1385211092093
672,108.34599823543967
673,110.78437161752328
674,48.807162755598846
675,94.21950331499683
676,41.347402820526106
677,119.51948161414487
678,108.65182334084061
679,56.0490790055009
680,99.6683732659173
681,48.72023978767439
682,160.9001041983264
683,89.48377344103635
684,48.492268237592725
685,67.50428310036713
686,61.065318351634396
687,405.5002564911583
688,50.931027320680535
689,43.74319355685395
690,96.55278002310165
691,57.14465128525886
692,94.5052960620967
693,48.407156906070504
694,175.49217770315812
695,59.31958437450815
696,146.08746096108294
697,60.37358278817638
698,59.85103134060409
699,220.89535581617392
700,177.85065132340907
701,40.32373478384159
702,126.79969538757793
703,63.3877969271685
704,54.58137029611025
705,102.71772847053819
706,70.13368837894492
707,197.3288834544468
708,117.17493832074854
709,146.79963885812873
710,653.5170345309996
711,37.73002999571539
712,46.15719245439832
713,65.0640230164508
714,75.6596526945451
715,91.00143310101244
716,74.52606959279225
717,35.657415089332396
718,116.91057666632591
719,55.109275753392886
720,42.93335200659326
721,220.04376360977835
722,326.4440318796916
723,25.46540649559544
724,97.25052397157309
725,111.038158889923
726,101.63035103358995
727,55.445456496934604
728,107.61017802349625
729,58.080492911605724
730,60.895304695361546
731,40.71566553749772
732,109.5890851635514
733,99.26226727607107
734,63.8049378218868
735,70.25915451806459
736,122.3057823414842
737,73.13516037041693
738,51.37794472460749
739,95.54178392617219
740,187.22465839459016
741,44.092475568074164
742,344.64890017394316
743,81.35633745470773
744,105.31115095722392
745,114.8340010559898
746,133.4382650111853
747,78.7354615229415
748,56.986124606192476
749,58.71184188339813
750,42.45773946956766
751,84.34131175293852
752,274.25376882162413
753,165.29071244967443
754,68.61961991124268
755,218.0664083271815
756,170.1334691836488
757,66.3900300855449
758,73.84776607911478
759,334.77359831983546
760,63.299555442424754
761,330.623381596499
762,125.46652749928874
763,86.54945244862861
764,126.0271029664245
765,73.96433105757008
766,96.25033876789698
767,67.24637695180259
768,67.23907535612733
769,19.20554363934933
770,88.7664889590781
771,62.62319259891465
772,69.92411999564723
773,53.01440706586259
774,87.69812084323434
775,70.16896922594738
776,98.89546774883046
777,84.09243936157574
778,63.15031741817643
779,188.4266226357392
780,107.16117375830272
781,58.91454225458089
782,63.8244945239954
783,65.54799316357104
784,114.80871855568606
785,520.6987500500978
786,44.59731654961191
787,180.0329484871757
788,72.17549830774513
789,288.8111453364478
790,80.26939853776874
791,46.6637520738044
792,42.47002935058357
793,45.07637733840757
794,51.62118841213493
795,42.120935763015495
796,161.33631420423978
797,56.79862842766778
798,242.64137698209655
799,47.597910630841774
800,195.57290697724306
801,37.732572071312205
802,63.17664027735516
803,61.366564554242174
804,68.56960413753174
805,109.18088830668347
806,74.38969587848047
807,91.07475097677498
808,52.803829836023276
809,105.21184830365115
810,149.80932112827995
811,77.41548528264126
812,60.20682236165537
813,60.6638561680365
814,318.16202863206007
815,212.54849644297335
816,268.0050045344296
817,44.834579106503476
818,110.76926415328352
819,79.19287648110735
820,64.62431720610269
821,63.53993624166603
822,70.49630878707863
823,101.12602898086583
824,198.71162960300705
825,54.41186862299343
826,106.75177635341566
827,179.4994973190566
828,30.124660907177326
829,53.146583459607626
830,52.94173351385116
831,78.03563690986148
832,84.2562837742798
833,47.872015906178426
834,130.84027173108902
835,77.96873979003806
836,59.09199213226373
837,147.04080212159698
838,69.46450255746207
839,39.333205423328984
840,27.804276245190806
841,100.11470038148829
842,38.38267818221115
843,51.081554398026455
844,59.137649803598855
845,58.97688795370698
846,121.93545327522249
847,40.83021691237241
848,162.43494309098176
849,340.05712861470363
850,62.66422751460827
851,154.63118247173725
852,78.38464749386985
853,37.75231994507022
854,52.54940671214311
855,49.75575256075896
856,74.52775563035247
857,132.40831472889488
858,63.81571811258388
859,126.20668366299202
860,145.84578079038573
861,67.20509996475091
862,98.6081046657478
863,66.67383051256783
864,244.7597410889052
865,58.05771366272548
866,58.135579536007064
867,98.89546774883046
868,94.5161350841247
869,61.626788140414554
870,52.17724662812937
871,53.15015280407344
872,66.57188080380746
873,47.894231669134854
874,48.14245283711577
875,58.97688795370698
876,76.23002380061378
877,93.95546702391893
878,90.33077831209357
879,47.47747753549239
880,89.57510072218905
881,169.30758935365995
882,65.70013385488284
883,61.06866130290511
884,60.21949537366251
885,84.48044019916804
886,49.67710587286477
887,149.65383218061743
888,79.40920665155562
889,399.4682185096693
890,78.17973423832774
891,122.93218271083632
892,106.88236655465737
893,187.35796749361
894,44.92368155158119
895,25.324503265564566
896,86.30720157117287
897,174.01354306227532
898,87.15591595419342
899,81.78571982702768
900,62.51288390985559
901,66.13483219703843
902,15.692921700478946
903,380.9151952293594
904,66.13909048484196
905,46.117392542816816
906,82.26873647162827
907,48.45861919804076
908,76.31676868300954
909,81.74366904509273
910,38.79218700098416
911,67.00693652563491
912,48.99945339204764
913,94.13905878548029
914,61.06866130290511
915,83.39210325633398
916,73.44930686406077
917,90.10673835617553
918,97.51072361530996
919,30.50134983458241
920,111.30296934901841
921,669.7180032252963
922,76.96938338316058
923,106.8077336406389
924,78.19908419438288
925,56.547922301208466
926,43.393953074255485
927,56.48669077551526
928,234.84343366555817
929,80.85478044978888
930,124.48008503674414
931,53.21658697039558
932,124.78886594935847
933,30.588947297355052
934,35.254803421002784
935,159.95805317086678
936,87.9821564059791
937,55.109275753392886
938,44.01337633043977
939,91.03977669418128
940,130.6470764919052
941,43.84849717711722
942,94.02684007268896
943,60.16518662248034
944,55.82715853691742
945,79.73159119716645
946,83.39364000317728
947,206.73338783881323
948,65.91540276755849
949,143.6213675222135
950,123.81950698670103
951,441.2954008489819
952,82.27020111614324
953,78.57050235989408
954,92.77454132151968
955,60.52761258731554
956,155.70910349427416
957,198.2733170305101
958,106.11415600484968
959,100.04893497930343
960,62.24304285882089
961,41.339260952654065
962,62.14685376878036
963,88.6107904531552
964,64.66767181008946
965,66.4341513327306
966,71.55466335338703
967,134.4552319395506
968,40.529235804857805
969,53.57853289102321
970,67.6191193961321
971,25.549482493793235
972,70.76838140899613
973,48.23944372136196
974,61.87248995289463
975,30.70492682235032
976,51.596855961889815
977,84.04146486554794
978,52.93305766274239
979,37.06863837038669
980,114.79998329217652
981,69.16188186948204
982,78.32327460666463
983,134.22751994475448
984,70.72538280547725
985,182.4426613448072
986,48.02680916964012
987,45.855091563683146
988,124.76662155383315
989,398.5950516806566
990,235.98343703523366
991,117.54150873960647
992,207.4131605060577
993,85.52004827517753
994,56.45235496323008
995,245.52450065707376
996,70.57711992637785
997,447.24945054865066
998,33.146010397297154
999,99.44742734878554
1000,308.51782258029255
1001,49.59649020042475
1002,140.1710915300814
1003,55.257747566099034
1004,31.161690213057216
1005,61.777564477411715
1006,93.89344302631166
1007,59.47572942378633
1008,60.326307907344706
1009,62.168518313854406
1010,47.91800735725519
1011,120.58458362788966
1012,96.887514090385
1013,62.24304285882089
1014,97.28491503637485
1015,41.72524967709715
1016,71.63062952471057
1017,30.007804577122773
1018,223.38850973744604
1019,98.74155041330708
1020,48.54998048742895
1021,61.336086740924884
1022,78.13044100392057
1023,79.01589160833393
1024,71.00841116061247
1025,54.5709565725659
1026,46.02212850209193
1027,48.138995971825224
1028,35.77445578507741
1029,107.01361808099757
1030,68.92878236155494
1031,90.33077831209357
1032,72.4130966878987
1033,49.88441059352047
1034,58.86144562979086
1035,52.90168548417877
1036,333.8076891006092
1037,45.49385845513826
1038,84.34076196671506
1039,103.370619341309
1040,77.66779820513906
1041,34.23551439450727
1042,64.47386228861237
1043,39.520859088445846
1044,81.69979860626572
1045,100.22579272314225
1046,169.39575378087213
1047,93.03183726712699
1048,52.418484523903295
1049,88.45872827417354
1050,52.221691499553415
1051,58.20691733710747
1052,121.30899480778837
1053,33.32318271362922
1054,88.47497662260162
1055,85.81827569800426
1056,55.18500102161057
1057,91.44109718688614
1058,32.25905859468803
1059,72.23620582344869
1060,122.64838329446323
1061,50.704018928278266
1062,61.06643105794271
1063,60.584530420452474
1064,91.03977669418128
1065,55.980769831133486
1066,49.0002716406663
1067,75.50491022168124
1068,57.743594909847744
1069,44.046467294810455
1070,58.97688795370698
1071,48.744114080717324
1072,127.35308277653661
1073,57.835029760771995
1074,61.24470562590118
1075,83.30060325503487
1076,80.99458960028353
1077,253.2222460698969
1078,124.78886594935847
1079,122.97311035724475
1080,268.2393289230459
1081,71.9117948110137
1082,259.56052360546477
1083,318.16202863206007
1084,77.73682164618913
1085,67.90852458338179
1086,54.992351224692214
1087,71.88469425357165
1088,220.57572653600405
1089,80.08804813522802
1090,58.32899244474031
1091,51.5147653829199
1092,97.1999610326972
1093,102.7132734345771
1094,94.13511922308928
1095,60.23809901207651
1096,43.74319355685395
1097,83.9765070190986
1098,30.78274448923589
1099,75.71364325657538
1100,101.06587941186874
1101,76.20630034665989
1102,90.50044862306211
1103,107.94378431548678
1104,50.931027320680535
1105,34.054751400622884
1106,120.91431534224455
1107,3077.1780118776755
1108,163.8972523971526
1109,56.7776679322599
1110,114.91260165229527
1111,62.29398011639495
1112,368.2146818700205
1113,137.0304650840408
1114,140.03400116267525
1115,54.147849571230466
1116,130.94144925825228
1117,56.67399325995991
1118,123.53261916367364
1119,28.012466647909616
1120,40.71566553749772
1121,36.56975835266048
1122,190.49591462373266
1123,52.600171191382906
1124,41.188923145160494
1125,58.99183463993562
1126,105.82465129226567
1127,100.33269743602186
1128,97.58696413183233
1129,125.23013172821102
1130,81.12265879618857
1131,52.68457944631166
1132,66.41355279782282
1133,64.56231315836855
1134,40.39503513640274
1135,30.11968623906018
1136,81.78347093234393
1137,53.06954540094725
1138,51.26988560256888
1139,56.03701184509178
1140,86.55395364372009
1141,107.54588885151348
1142,46.45322758723595
1143,71.6606701059192
1144,45.074782294876975
1145,95.27970357058429
1146,32.332169848233534
1147,88.6216582148829
1148,52.61706886258282
1149,86.69122644912943
1150,117.37661122155431
1151,47.434184459752764
1152,62.82215896022261
1153,306.5943476779692
1154,57.33417344822134
1155,65.6953234772551
1156,122.17923954115575
1157,245.63238896319433
1158,47.47315965380959
1159,80.4340788639736
1160,160.67185670716148
1161,82.9443698017164
1162,112.63297429901407
1163,89.04032214211611
1164,60.89061023790688
1165,72.25563593367083
1166,42.76072091310502
1167,64.06572973329294
1168,45.15128829993569
1169,56.23937132099828
1170,159.89182654195832
1171,57.34096427840813
1172,100.98639797933699
1173,106.30360044288886
1174,47.22821297511735
1175,223.38850973744604
1176,32.69696557989345
1177,52.302186027638896
1178,110.96685868442562
1179,30.74862895531752
1180,26.95987309391814
1181,48.71508779817255
1182,127.05693067116707
1183,186.08496213219124
1184,77.06891425190773
1185,48.32695979076614
1186,101.51406010676341
1187,78.82184970650034
1188,130.51431028190575
1189,95.75613069043831
1190,51.89160063611326
1191,81.05170685704823
1192,41.05114270221566
1193,38.856443935507826
1194,56.010765685872585
1195,61.167286907664774
1196,69.18155597079632
1197,62.373309466553785
1198,28.805045024341243
1199,60.012691736364374
1200,472.31753304934006
1201,56.986124606192476
1202,97.3003482608388
1203,39.555099084006876
1204,130.94144925825228
1205,45.28437232640486
1206,50.21132640848534
1207,81.21452627285753
1208,91.1212515522832
1209,72.99671763776428
1210,55.573348023811064
1211,78.32327460666463
1212,50.35881668590027
1213,59.476670382395184
1214,135.5723051111372
1215,69.83175343659327
1216,160.46065790095093
1217,14.610866823417012
1218,49.856268217653245
1219,59.99846104920949
1220,49.167872155723266
1221,266.61168946923334
1222,128.8852486102236
1223,55.57718040539826
1224,59.2901392748246
1225,70.30779873360906
1226,87.0294188454461
1227,86.64842571412186
1228,63.221015304639
1229,95.68498388752721
1230,193.88341424222776
1231,190.76170535896316
1232,174.18661231920143
1233,47.59190250923035
1234,60.02125570333318
1235,110.15826885052887
1236,93.15756520078816
1237,59.16115907379572
1238,137.87576841179668
1239,69.08105110402462
1240,101.49645153565544
1241,44.14726596812282
1242,63.436126333201926
1243,64.21787650645723
1244,46.749767745633555
1245,169.0565283602738
1246,73.38997054892643
1247,175.24083893014725
1248,108.51745934068543
1249,36.825951233834054
1250,212.8005181181633
1251,107.43383533388545
1252,346.4231606154055
1253,58.521421855191996
1254,126.33932490803883
1255,61.625705978004824
1256,109.03257063279833
1257,49.7816399535317
1258,49.128309410549136
1259,104.82260121023475
1260,53.21658697039558
1261,35.176274925412685
1262,92.84767164002096
1263,126.49478723004327
1264,134.0903260885149
1265,263.33580766143365
1266,56.66757405698476
1267,101.0220064481561
1268,382.8566768427611
1269,114.81520335361454
1270,313.1067377591948
1271,86.87201721789533
1272,57.367447830375035
1273,25.136626148143293
1274,52.381725903103046
1275,86.34417592150625
1276,15.083889469263198
1277,51.64491586032699
1278,20.129770359379126
1279,65.72205531618734
1280,64.9311180020459
1281,57.261774224502076
1282,82.58251357224246
1283,57.611383666165636
1284,102.24128826941401
1285,50.7456158035031
1286,49.45283234866603
1287,141.79545336179083
1288,35.71159068217957
1289,14.550737516732163
1290,77.6578507381505
1291,46.02212850209193
1292,100.8640138011098
1293,69.51544717064006
1294,654.428901880558
1295,206.40501465274184
1296,70.63413704592242
1297,39.009871942764924
1298,150.05248360971117
1299,81.74055883419996
1300,133.3641819062491
1301,49.35270057455591
1302,23.641896976923995
1303,51.16397849333499
1304,164.06572439922604
1305,43.8786464656754
1306,50.163228975290906
1307,57.5799389944381
1308,115.99040804149324
1309,92.48247945353616
1310,198.77327087035738
1311,63.01005653492907
1312,89.06166566574657
1313,41.628999538083704
1314,171.89948319570135
1315,58.976749527099486
1316,52.704370626851514
1317,85.36822694096516
1318,74.76385768707122
1319,93.3905420337814
1320,68.56795672069357
1321,54.107977448594966
1322,115.25158222048792
1323,50.35923918526877
1324,41.72524967709715
1325,249.9191794850068
1326,44.51782819549809
1327,53.16592253093485
1328,87.15416596401667
1329,73.44729524190481
1330,103.72111724371922
1331,72.32490726381076
1332,488.7597164797551
1333,93.6431197880402
1334,36.16726764907672
1335,66.83390781859441
1336,24.21556462903489
1337,73.33257344882081
1338,75.45253022217955
1339,51.360193147358004
1340,68.01797747726798
1341,49.076620242831346
1342,73.76895046162831
1343,52.824091875539786
1344,62.85320656824332
1345,49.59649020042475
1346,56.23937132099828
1347,53.1051870441514
1348,65.7929594891502
1349,78.01531882627381
1350,171.59042715881142
1351,43.25035292825595
1352,89.20053042057893
1353,44.09143076355376
1354,104.74136244560184
1355,73.06853976630522
1356,100.60303599870313
1357,55.75762806350777
1358,61.62831612637828
1359,26.579162840985465
1360,73.79905758162921
1361,69.90910643268735
1362,50.24653673122657
1363,67.61330872291889
1364,197.52081262004126
1365,125.05014108555613
1366,89.6732583735658
1367,87.03501515042088
1368,77.66779820513906
1369,48.42617842456508
1370,139.8550186347705
1371,69.81714724194899
1372,56.31047541826778
1373,96.78879264726777
1374,57.70157357462734
1375,64.03667931075887
1376,136.09992144354894
1377,54.46610895267506
1378,45.29978157924739
1379,117.03191919457653
1380,58.54309384811665
1381,15.263203565521051
1382,121.11043828271598
1383,78.92141632717052
1384,55.655412476908694
1385,40.603698778511585
1386,45.75423893131482
1387,74.02344268761338
1388,56.6308076099388
1389,58.913066154617056
1390,69.93288174400152
1391,55.109275753392886
1392,51.37794472460749
1393,232.05886873344602
1394,130.94442966963908
1395,61.508924824460436
1396,81.94603225290832
1397,117.3436122117865
1398,47.28946882245068
1399,332.8882003192526
1400,84.1922905308769
1401,79.67614791636619
1402,306.6547225383139
1403,429.0260825523783
1404,206.62777407983577
1405,54.26769843491189
1406,57.84891108626391
1407,60.777218136276204
1408,44.375384346178244
1409,47.597910630841774
1410,115.25158222048792
1411,83.58357405382174
1412,165.04213883641276
1413,52.11616107574257
1414,203.04066993262566
1415,59.231175056603604
1416,161.14060349673514
1417,318.16202863206007
1418,133.3641819062491
1419,60.65322346729482
1420,61.69373620020937
1421,139.82851378921552
1422,107.42516608981576
1423,107.07121427380544
1424,46.76872215525241
1425,45.608402778913124
1426,74.57994705440238
1427,97.64194878317406
1428,70.11882223630666
1429,107.17803657785888
1430,72.39412049783913
1431,476.9025123789815
1432,215.58532918466645
1433,193.9868186279438
1434,36.767621015618495
1435,43.725750700571055
1436,138.0763271292431
1437,46.196607715318635
1438,35.0117770726844
1439,64.94534303927988
1440,50.01988454182729
1441,115.45489999378506
1442,64.12310468156272
1443,48.64937521320806
1444,182.34892537783867
1445,54.808645976183044
1446,334.2469917882525
1447,148.19588193730277
1448,170.13383456168629
1449,111.39963028536624
1450,37.46695237767413
1451,72.71537336930479
1452,49.49891402718186
1453,110.06973145113896
1454,48.64937521320806
1455,102.24128826941401
1456,65.90181121823038
1457,39.00185768065105
1458,281.07757736131833
1459,93.6431197880402
1460,37.11023653550187
1461,112.66863837408418
1462,89.71036402383174
1463,65.3107403089237
1464,46.688028042089876
1465,58.4461943935592
1466,48.970873396937456
1467,153.24457117084697
1468,53.101523695539136
1469,51.73015729761591
1470,83.61017506457927
1471,155.392535516661
1472,90.91971772134136
1473,46.02212850209193
1474,33.94234270680281
1475,193.9727861124635
1476,74.73478413168726
1477,210.10841793469197
1478,83.64714636432123
1479,141.8904456580028
1480,97.18762394755079
1481,61.06866130290511
1482,95.60921798835449
1483,33.30473690388701
1484,70.46509128990827
1485,48.64937521320806
1486,100.47701091644007
1487,53.61307416163334
1488,37.76344726912327
1489,47.76943452497511
1490,90.99132474222867
1491,71.35892473512192
1492,57.51730767574803
1493,71.48343639877955
1494,154.29485195424962
1495,269.5071243696146
1496,68.01797747726798
1497,70.13368837894492
1498,72.71537336930479
1499,72.87517839561295
1500,88.70975995372194
1501,127.05693067116707
1502,61.36008455016362
1503,103.90442343850378
1504,60.51672258824836
1505,39.06814329648084
1506,48.138824481487276
1507,34.73893154395708
1508,296.66997322803553
1509,80.18356181213917
1510,61.66534887326039
1511,65.92115748332394
1512,44.01337633043977
1513,37.840743205422555
1514,114.54869090746112
1515,67.8955816639486
1516,34.26284819952311
1517,98.46631973992113
1518,65.69050815906202
1519,77.96873979003806
1520,39.009871942764924
1521,115.02541367089306
1522,46.16089685716677
1523,69.4944741907403
1524,221.7665668611691
1525,153.57543833570685
1526,105.98253841004184
1527,66.48917034091834
1528,85.75220761966722
1529,60.76999050124572
1530,69.77222790836943
1531,60.970486971320234
1532,48.758867496897246
1533,32.46769882781593
1534,49.59649020042475
1535,90.2421866012921
1536,262.06224538377876
1537,56.234076184429156
1538,76.8131315396071
1539,88.97090412945573
1540,46.10511793061822
1541,61.28613360464384
1542,164.68086718962164
1543,81.06938528123061
1544,77.63684536086896
1545,62.90084131315754
1546,103.90442343850378
1547,45.93117517578154
1548,60.07352033525833
1549,77.66779820513906
1550,31.102571791624687
1551,70.40824433756788
1552,60.265749347293315
1553,300.14225651874125
1554,274.4625391536326
1555,123.67039281464288
1556,112.76772542517871
1557,129.29392593899337
1558,46.6637520738044
1559,144.1875929685821
1560,48.16981331658606
1561,62.498629858150814
1562,61.23033900159481
1563,64.06572973329294
1564,80.63313959680292
1565,72.31267258268792
1566,108.65182334084061
1567,56.66074238238562
1568,48.96256365450901
1569,52.45101344648867
1570,41.02520970487602
1571,54.13701863956619
1572,51.6664360264673
1573,60.147506040386006
1574,463.330528239879
1575,47.18468006141139
1576,138.47638651247627
1577,51.4749040763065
1578,61.72192991668509
1579,161.79615530738064
1580,71.49891627169688
1581,58.93021148628861
1582,92.61656608714434
1583,58.86144562979086
1584,104.29826530059545
1585,80.69805523876899
1586,118.03199047709144
1587,55.19924628128098
1588,143.86943427068343
1589,46.88084277284586
1590,48.385119087674646
1591,54.2906657541717
1592,95.48296454603782
1593,118.76057492758603
1594,96.25184968064515
1595,41.72524967709715
1596,70.69559975701472
1597,128.3883480012461
1598,70.53625271009568
1599,154.16386028059176
1600,68.84940560324677
1601,44.15075604926255
1602,52.32473406682779
1603,45.49962334287927
1604,223.38850973744604
1605,80.18356181213917
1606,88.59488906299516
1607,74.2671092486227
1608,52.094983270263356
1609,69.25195214977711
1610,52.67578199370718
1611,73.16786820061002
1612,178.0085433069272
1613,263.46969025864047
1614,122.10047240392554
1615,57.183707423104885
1616,64.46804311739497
1617,60.23300537306584
1618,51.10470797270244
1619,59.05532912668591
1620,57.9864632670133
1621,70.96451378913927
1622,64.20640158375228
1623,83.9617017286453
1624,152.14038643957818
1625,29.61452043708478
1626,91.03977669418128
1627,69.84876755102628
1628,83.23280413644996
1629,138.02333664675527
1630,59.2555699164916
1631,49.57768673772758
1632,23.092456188967507
1633,46.270520836077466
1634,60.16518662248034
1635,76.3652748177841
1636,101.04134270845196
1637,58.155622809855444
1638,43.74319355685395
1639,85.33515132310845
1640,55.59738099405321
1641,60.80370758802177
1642,56.44862040685329
1643,62.297132973376655
1644,83.67942928403986
1645,60.68335008373005
1646,74.88998659223203
1647,132.5894826362948
1648,124.44101408632716
1649,73.3366274355163
1650,55.82715853691742
1651,201.93911347389388
1652,73.15125625865133
1653,34.12423730775206
1654,28.721896712871786
1655,76.59430980138552
1656,40.15431882055575
1657,88.05915480879965
1658,75.82376734509877
1659,157.3766787983278
1660,48.24168040021008
1661,50.0707178114907
1662,48.397028822140015
1663,35.24607929078595
1664,45.76625725007425
1665,74.58660972495338
1666,63.40840461870481
1667,59.544146067344826
1668,24.756055654855274
1669,59.27801136214295
1670,51.47346501354468
1671,54.969238277806
1672,49.270328648450295
1673,98.93184050762044
1674,68.93130141320675
1675,150.79286322889962
1676,216.5733615410101
1677,79.50633971249465
1678,34.91937946216696
1679,141.01487410366843
1680,138.256202613248
1681,135.10174216434524
1682,77.50326988746163
1683,75.45898177893113
1684,67.66278593483244
1685,132.81425493132588
1686,56.44862040685329
1687,55.91876703876579
1688,75.4731378978351
1689,31.744871103254866
1690,134.49858842836895
1691,312.26138864617053
1692,97.51072361530996
1693,112.76772542517871
1694,37.53255745521672
1695,143.06855938095958
1696,164.5732496461461
1697,600.5152359751925
1698,130.0292726213712
1699,152.4717019471376
1700,51.62340248999942
1701,42.16650395880675
1702,77.96262522477008
1703,62.66422751460827
1704,156.63276017365126
1705,36.025516037766195
1706,44.61423720582443
1707,162.65931659589077
1708,35.30828677565177
1709,158.40665184423258
1710,467.34337392535883
1711,63.441192359110715
1712,49.975912716773536
1713,64.9085063667494
1714,44.77020194940606
1715,68.64204544112282
1716,45.699348677142595
1717,76.44686820535017
1718,74.07838138678018
1719,83.08842203953873
1720,121.47299397622949
1721,53.2127363104329
1722,60.42126423930333
1723,42.12201550107338
1724,134.95540828812597
1725,56.828916262853426
1726,27.804276245190806
1727,63.29008853469922
1728,45.569722353183764
1729,238.39626721710243
1730,77.11543804695694
1731,51.081554398026455
1732,393.30720168255596
1733,37.1996808590341
1734,276.8227073737755
1735,308.1899474945399
1736,62.04707942444717
1737,232.79359236248965
1738,56.69005420747619
1739,87.14354828241241
1740,57.77608743254697
1741,60.24489190678454
1742,164.16429777942582
1743,59.04210508170361
1744,80.18259224227266
1745,61.43234000224886
1746,52.244133867432105
1747,101.91667526166653
1748,56.44862040685329
1749,135.34767436751332
1750,41.853985798508
1751,54.261628533024734
1752,188.91558416793671
1753,72.21636151402937
1754,39.370752386269
1755,54.005914627030826
1756,68.7937920610378
1757,205.2172708193399
1758,77.86382665092525
1759,51.20651168906224
1760,60.56930550400401
1761,65.25083316649528
1762,122.3057823414842
1763,84.0218292837136
1764,73.843805990071
1765,68.70765192733525
1766,127.521211949271
1767,146.36636537393989
1768,69.32136352203631
1769,113.07978302414595
1770,66.54140371406059
1771,59.33147747741489
1772,74.64644695236787
1773,38.32853682745563
1774,47.81898393770456
1775,48.64937521320806
1776,29.570318988259743
1777,28.580023542505028
1778,161.05126382334282
1779,74.45799509423065
1780,126.20483249152443
1781,112.76772542517871
1782,307.5795232975296
1783,163.90326084425482
1784,93.77018964130473
1785,58.93021148628861
1786,51.60517549839542
1787,688.2038017394996
1788,48.391591687742164
1789,135.53412305335337
1790,49.45283234866603
1791,72.16057635017665
1792,53.08742066156126
1793,360.68518497335816
1794,132.77746072405773
1795,242.7523330279453
1796,130.89945681098763
1797,74.15861728673096
1798,60.20682236165537
1799,114.35217636470766
1800,84.74042036446255
1801,63.26446948238338
1802,56.66790332309574
1803,80.2367534035819
1804,47.78807544444826
1805,35.6055931464065
1806,49.83769305095197
1807,53.94810374953464
1808,39.97746054170726
1809,106.63455315551253
1810,56.51316385267964
1811,347.9058495236192
1812,63.17664027735516
1813,87.1215227421764
1814,1043.6337835332158
1815,29.713986693043793
1816,76.580082469114
1817,47.92786200762108
1818,119.76983338240107
1819,66.42658813245227
1820,214.0031739610799
1821,70.21559389810062
1822,48.64937521320806
1823,154.89524533525832
1824,253.1316705823755
1825,251.3225866211905
1826,49.13978552693822
1827,417.9444430899769
1828,55.233929075905024
1829,230.5380454978258
1830,54.27432489233974
1831,76.16755986247647
1832,91.46756099807608
1833,63.02639374021999
1834,38.20073379439017
1835,133.8023646971171
1836,48.633041466969686
1837,154.5474315527224
1838,41.188923145160494
1839,110.76140188212095
1840,119.21493691402371
1841,42.15488089860427
1842,68.92878236155494
1843,72.30257451521675
1844,57.568979529696236
1845,44.98622529898141
1846,136.51474109935225
1847,84.34816958656187
1848,108.67777976621137
1849,62.43042054475562
1850,41.75308340123006
1851,98.84059045227524
1852,45.59171130809382
1853,129.26810622578282
1854,74.86901484725266
1855,33.69961704559477
1856,77.58561185112616
1857,96.35879707385628
1858,48.09782211379954
1859,234.5106946916621
1860,107.8150753075944
1861,74.29180907891023
1862,81.29319088456795
1863,198.77634728699817
1864,201.70052197173703
1865,88.85541996646361
1866,86.2647964322912
1867,78.0685332021649
1868,88.89472941606887
1869,56.79862842766778
1870,46.78371237611188
1871,107.98940266405948
1872,49.49285259165506
1873,84.2562837742798
1874,60.62174078442937
1875,103.56637344990011
1876,54.310293485564245
1877,58.85787098847709
1878,96.09985545390367
1879,79.77607736360861
1880,71.22448747521115
1881,75.3414231212336
1882,96.43280420000495
1883,377.93084343213445
1884,122.97311035724475
1885,51.5147653829199
1886,76.6341281697562
1887,59.16190969758046
1888,317.89419056326483
1889,36.80426963482777
1890,53.00858082585935
1891,61.3578693710687
1892,74.15455231305988
1893,63.025029879151184
1894,51.39584865582381
1895,180.2420807851564
1896,64.60183286385336
1897,135.55193390487088
1898,82.83637843154315
1899,327.6955100938171
1900,56.44862040685329
1901,137.31573978236452
1902,56.72662132343363
1903,104.0642225329534
1904,87.47606957986731
1905,43.85407078099976
1906,55.8005174716641
1907,51.526172191228014
1908,193.25234093232027
1909,27.804276245190806
1910,37.63882285800435
1911,117.5130289438792
1912,44.966011763544756
1913,69.82979750755005
1914,220.52647038598818
1915,222.4320732365653
1916,207.8072861479291
1917,62.027075492303005
1918,106.98524880240589
1919,48.382863884431
1920,52.91732646669821
1921,37.80901294344283
1922,62.85320656824332
1923,15.202400098272742
1924,71.19236680704033
1925,54.876121463978656
1926,95.35542800337358
1927,50.947743311958526
1928,54.685603875881746
1929,50.48373879863011
1930,407.74624769422525
1931,35.18887014934235
1932,139.68482746628885
1933,93.43849575392274
1934,88.30660128412522
1935,26.66645285737411
1936,73.43380336660347
1937,136.59604351304876
1938,162.65931659589077
1939,50.774310306938204
1940,35.98405287533291
1941,69.34117923869988
1942,61.82688488411886
1943,275.0573739974624
1944,159.43408377004346
1945,61.207925667206865
1946,28.429612950879246
1947,148.49990259980254
1948,41.76428671910641
1949,69.60871835976734
1950,72.7261004959264
1951,93.77472184289239
1952,22.096598323393593
1953,93.34612195451506
1954,66.67359433745204
1955,103.88008430415297
1956,52.28982729091022
1957,54.95104348807194
1958,242.440231001794
1959,333.57695458463104
1960,16.648940803393877
1961,71.25212245267599
1962,333.04327968535245
1963,59.0280787294996
1964,66.04725817204381
1965,81.31605464240454
1966,68.26439867198812
1967,87.0849131999818
1968,60.33190449747767
1969,48.19550142580022
1970,40.71566553749772
1971,93.94624278874166
1972,35.893673566851774
1973,76.52435251206386
1974,39.70850842189818
1975,51.214121683295815
1976,89.46687523348419
1977,140.9326631499044
1978,50.0938108699634
1979,53.67110569450159
1980,44.32528941365004
1981,25.210356821376042
1982,155.97805949570602
1983,360.68518497335816
1984,55.87211117264718
1985,50.891354274058706
1986,66.13483219703843
1987,29.13604322788475
1988,182.82185049329948
1989,78.32327460666463
1990,38.03753699645048
1991,23.184415552438864
1992,42.45773946956766
1993,57.04430160364825
1994,398.9201332141518
1995,78.3347062064362
1996,100.04893497930343
1997,72.5071830577376
1998,54.77542535247284
1999,72.69433226723092
2000,117.04609753566635
2001,222.86944882962743
2002,74.3214928275987
2003,368.9286054970559
2004,58.27736363856291
2005,73.3147377932611
2006,57.73518041418926
2007,50.46796466189194
2008,88.37519146923319
2009,60.07352033525833
2010,23.686444383924044
2011,56.79862842766778
2012,71.50510610179606
2013,128.43571739594842
2014,75.73074701578713
2015,73.15125625865133
2016,68.48981059528907
2017,39.92380262382277
2018,59.56398330480761
2019,115.00001487609603
2020,47.092131120993734
2021,81.45288780717588
2022,100.98639797933699
2023,168.4002183133989
2024,194.5312351917645
2025,75.53506077926718
2026,168.67519032823643
2027,100.8778817204767
2028,94.21107207961214
2029,234.63052255128287
2030,98.91150735106851
2031,125.33360769161386
2032,496.5629218191606
2033,48.109474710885024
2034,79.15809441365218
2035,46.08923083604294
2036,71.39085679309702
2037,62.24304285882089
2038,39.071156033124055
2039,61.90450911607553
2040,50.54954488236937
2041,97.51072361530996
2042,68.83497713681652
2043,37.784135281506316
2044,183.64654568094255
2045,112.63297429901407
2046,52.94800908785454
2047,111.038158889923
2048,104.1342336570569
2049,60.147506040386006
2050,98.97336813973972
2051,76.3369517570846
2052,401.9791891571671
2053,43.393953074255485
2054,51.894988099089495
2055,330.1487719953585
2056,157.39195310203291
2057,54.15098908291099
2058,84.66624742802513
2059,110.80499932622399
2060,109.3614467956329
2061,32.89794772921124
2062,78.50487433267435
2063,25.767975673364017
2064,64.54058932513104
2065,45.78382225079957
2066,88.89163348391874
2067,82.01443381026822
2068,283.2650074341836
2069,48.15053291547177
2070,314.33535945450086
2071,236.80685110256815
2072,91.5290095292896
2073,73.09837935637469
2074,50.85689157514753
2075,54.163251184622986
2076,30.8718067074219
2077,129.33340485548146
2078,50.90373922100866
2079,60.842626772264424
2080,94.62754212850004
2081,36.22098711695237
2082,85.365444833466
2083,68.04763820352942
2084,106.34210363195861
2085,49.73483664710004
2086,512.0150050782825
2087,125.08742063819453
2088,91.69279966936831
2089,78.32327460666463
2090,16.754173978885305
2091,37.68985983505717
2092,245.4289845314676
2093,45.36181300628741
2094,361.46116571318515
2095,47.01747629455173
2096,176.60422040392945
2097,78.6456285208537
2098,68.238631728887
2099,95.70139194607663
2100,63.93960482701705
2101,216.5704570356478
2102,198.07445217943075
2103,108.99951727094171
2104,58.25380317837693
2105,57.16277402536984
2106,30.8718067074219
2107,84.81647143341912
2108,74.31360203702384
2109,156.42553033289687
2110,61.61819722890899
2111,73.10433965151063
2112,248.5188112981117
2113,66.89947783192939
2114,47.83135007821043
2115,48.53692743674767
2116,58.00579359742839
2117,101.17219614800992
2118,96.59972895755114
2119,58.289028739121626
2120,76.06769659574206
2121,16.754173978885305
2122,82.03997109895477
2123,62.04707942444717
2124,70.45829046061664
2125,74.41082227092059
2126,121.16820400258113
2127,203.599527592563
2128,53.74838235263899
2129,61.777564477411715
2130,74.60712096350308
2131,65.10563069588574
2132,84.74815139577022
2133,138.11168518466192
2134,117.43377998300512
2135,59.93746997947383
2136,98.46631973992113
2137,69.6813287208536
2138,86.80492419555944
2139,162.9080849750064
2140,83.77788944123964
2141,63.4022119707562
2142,88.58565344067365
2143,156.74472653899207
2144,135.26823877833587
2145,55.69092342560512
2146,119.18773323914186
2147,106.09626227553467
2148,48.51883805440675
2149,93.8294755198362
2150,85.73127283925986
2151,81.76337108574958
2152,131.92032913853424
2153,49.879795415810776
2154,81.65242455799687
2155,61.14369540696897
2156,48.66826950107056
2157,73.52996023768088
2158,32.69696557989345
2159,41.742781543909416
2160,59.27801136214295
2161,57.44278455464548
2162,78.32327460666463
2163,55.47871612158461
2164,197.9973154886293
2165,141.32713475542027
2166,130.94144925825228
2167,101.97606566376685
2168,186.2466184144321
2169,58.06334888098498
2170,56.58114534463539
2171,55.59891875496551
2172,64.37700156691602
2173,129.07879563903464
2174,92.9528499207882
2175,38.204013520764946
2176,102.33286246860696
2177,131.38705570729357
2178,53.21658697039558
2179,77.99168483703349
2180,65.17586938347922
2181,51.35826839161767
2182,71.64022442716363
2183,178.97270138030703
2184,82.48020911497422
2185,62.24867345783553
2186,319.9547468375045
2187,129.84243783361623
2188,116.96720311829657
2189,60.80370758802177
2190,76.48443890619208
2191,187.95141275510886
2192,85.46523798604633
2193,23.91938096696198
2194,135.10607392158897
2195,59.621222064000754
2196,64.86696343493608
2197,48.82998276004329
2198,58.92821033829337
2199,112.8838294144486
2200,54.60847683120014
2201,57.83056710822521
2202,54.95104348807194
2203,63.72836148444351
2204,64.95277440588528
2205,108.66838681229964
2206,74.52775563035247
2207,64.9958016559989
2208,45.53884555229854
2209,37.83173490103993
2210,123.79152989747938
2211,424.94724800998074
2212,42.903637269888044
2213,97.95872986816698
2214,55.285774250746385
2215,78.58834914765295
2216,67.68146389360787
2217,36.88547680586346
2218,52.56551437855656
2219,85.26905418077749
2220,127.26798767210207
2221,61.82137426428494
2222,117.25392335651084
2223,59.62802811276649
2224,40.71566553749772
2225,57.29080730502552
2226,83.69661684241802
2227,66.9308040525695
2228,159.31983652913289
2229,185.78093312524007
2230,68.85422798192927
2231,229.30338642255114
2232,53.300694091918444
2233,36.97203386517005
2234,64.41411413752293
2235,62.40075454706006
2236,176.60422040392945
2237,36.26609562907663
2238,45.58595124039028
2239,19.357271809950966
2240,228.453394573146
2241,60.531408267393715
2242,100.89970711894676
2243,69.5246449549079
2244,35.527037878489175
2245,56.122213787471644
2246,66.18170770979772
2247,39.43074902525775
2248,83.50871989228385
2249,143.41262895059936
2250,89.71036402383174
2251,84.13653718118707
2252,61.68130289689308
2253,50.09456472101937
2254,34.15521042621477
2255,66.01546894030787
2256,34.243825311470424
2257,189.040163858112
2258,112.96983289120506
2259,63.542178053970936
2260,60.330737331812145
2261,64.70292535721366
2262,128.51661469046292
2263,83.62246284993445
2264,69.58546231697822
2265,114.37785691007403
2266,38.046047108866745
2267,55.417876099010684
2268,55.549692028564756
2269,77.86980359499974
2270,100.89970711894676
2271,29.835416893591397
2272,98.16557031790494
2273,90.10673835617553
2274,59.808560554255344
2275,76.9564771340917
2276,56.44862040685329
2277,64.12310468156272
2278,294.81292557016275
2279,76.29612160554814
2280,112.6082879673121
2281,55.85466989456685
2282,71.6492161787743
2283,51.96499553433543
2284,87.62417508717903
2285,87.37282466882354
2286,82.15243458695068
2287,45.5025688591342
2288,70.19942924167293
2289,62.11110439346271
2290,79.00138046265255
2291,87.81911794948005
2292,147.97422040311162
2293,111.5290770611957
2294,105.26171799878318
2295,129.51683483485587
2296,57.694739451723876
2297,66.08041753295798
2298,41.76428671910641
2299,86.46898813593874
2300,87.73043593053771
2301,108.67599716291981
2302,49.830821790019435
2303,116.55598595549229
2304,37.99830159582327
2305,117.19602482867084
2306,243.25549866332656
2307,95.53082728384759
2308,109.56250288065749
2309,54.441512374819744
2310,60.79861922851289
2311,55.5256809006328
2312,78.41639311849715
2313,64.62048709483749
2314,68.94916627041823
2315,68.89650580359326
2316,71.81041765686942
2317,79.66925232323088
2318,43.64769468162871
2319,49.09079245254293
2320,45.184405771019854
2321,154.9917797204304
2322,58.20662608598664
2323,59.27801136214295
2324,81.93678918355602
2325,79.72349685161771
2326,46.02212850209193
2327,70.03640007862083
2328,256.3595923810414
2329,71.03364229910655
2330,55.745323320933046
2331,2914.083089377048
2332,24.203376970384486
2333,55.327469791696004
2334,130.3740907536215
2335,62.61425923998319
2336,159.54789565881185
2337,79.05110129115582
2338,76.49518942931311
2339,127.17964211805615
2340,40.36854230290187
2341,63.02112303807442
2342,20.410833707751735
2343,89.70665786577374
2344,98.96896656846906
2345,44.08270046647053
2346,63.84107516649316
2347,45.198694185913
2348,103.70657139556688
2349,141.54147491313142
2350,48.05155340951989
2351,125.95237765103846
2352,70.91327972595751
2353,70.91327972595751
2354,49.67018761764206
2355,49.668415610434806
2356,149.0707047532808
2357,228.34723847293114
2358,79.21673570795697
2359,53.38363465474947
2360,51.16468419860782
2361,135.86239483082724
2362,56.79862842766778
2363,407.194080244606
2364,225.0119121472619
2365,50.71748680788241
2366,51.93870510006447
2367,109.55223029740357
2368,67.50206083768518
2369,167.31657698868386
2370,38.835610961105544
2371,268.9963326610655
2372,33.754883687647364
2373,221.0345492374593
2374,121.29127557362483
2375,44.21790575622479
2376,74.23697766231159
2377,123.73506979483648
2378,48.90353604349292
2379,115.58435359317762
2380,200.92898714537313
2381,67.07272322268247
2382,71.6190187610507
2383,81.05170685704823
2384,156.40298234297936
2385,62.24867345783553
2386,62.76981625383792
2387,143.6526545325716
2388,117.98875830512351
2389,58.315187174076065
2390,70.96011283064468
2391,75.53620477481118
2392,102.58682015554638
2393,53.8657166060033
2394,122.29989473763152
2395,90.62952809479444
2396,66.96031892387408
2397,68.25844776524136
2398,61.06866130290511
2399,36.825951233834054
2400,62.45404442749845
2401,140.18386596706983
2402,105.98253841004184
2403,85.18047787829545
2404,80.96015545533209
2405,108.51149269351298
2406,93.70906971909726
2407,66.1758044711598
2408,49.52388193426279
2409,97.52260772855458
2410,50.53651241369084
2411,2192.994336264062
2412,55.257747566099034
2413,61.14369540696897
2414,50.65597378087208
2415,66.31220573305738
2416,60.99870321134872
2417,80.66569406771478
2418,68.01651220172795
2419,136.10370425082732
2420,49.22116140788127
2421,45.569722353183764
2422,66.28910209169737
2423,79.28444463255579
2424,76.04348599746454
2425,106.5513816358919
2426,43.81647434965894
2427,42.93335200659326
2428,56.66245916201919
2429,123.73506979483648
2430,382.5654586250124
2431,60.610669823176615
2432,54.163251184622986
2433,260.2215006364689
2434,61.36136787652782
2435,42.49611836139616
2436,301.12242141494306
2437,73.15125625865133
2438,60.81807375683594
2439,520.6987500500978
2440,55.04127625935357
2441,57.184942981908385
2442,77.82543710599725
2443,31.63297150602769
2444,52.68457944631166
2445,51.97673749846207
2446,114.1543982921027
2447,48.14245283711577
2448,209.1585301842063
2449,99.56172142999004
2450,56.56163686036195
2451,43.677722467715434
2452,50.704018928278266
2453,67.82934967093547
2454,178.93360854419282
2455,66.13909048484196
2456,42.94060421987684
2457,76.27470042549679
2458,45.93117517578154
2459,19.22116424676665
2460,70.65611321399128
2461,67.12664643711503
2462,80.1374094554596
2463,827.0589916820869
2464,76.09757219062291
2465,74.34156437389485
2466,98.90453171847484
2467,67.5272550039669
2468,137.2341035354341
2469,84.31868640679222
2470,107.42516608981576
2471,85.57001328570077
2472,57.04430160364825
2473,86.333630601004
2474,60.147506040386006
2475,58.438602000176424
2476,183.99623703557336
2477,67.30741149732096
2478,212.98030622016802
2479,60.74290842611849
2480,55.36475308342712
2481,45.853138901206044
2482,21.26302227972905
2483,82.55843145413436
2484,70.96451378913927
2485,300.6581929552064
2486,80.99458960028353
2487,44.964201519776275
2488,129.79004564236533
2489,70.99778942056375
2490,91.32048390160685
2491,35.88758904890297
2492,63.221015304639
2493,59.144427347111595
2494,130.94144925825228
2495,46.97135094071376
2496,66.92594502905126
2497,108.34196325807247
2498,58.54309384811665
2499,52.645923640620666
2500,91.33427133714201
2501,39.76065277605632
2502,19.129952182014684
2503,143.50280833514972
2504,55.491615349622535
2505,23.17837203295583
2506,38.80578249499625
2507,47.8456992182618
2508,61.55129450731187
2509,83.629001479289
2510,34.230089151791724
2511,236.6426901620381
2512,134.9684038228433
2513,68.3747449418017
2514,150.4173551346358
2515,278.2884066671926
2516,69.08105110402462
2517,58.33659561292533
2518,56.446167863268734
2519,53.57853289102321
2520,34.167309164224726
2521,67.71179464586666
2522,60.82847474643167
2523,56.72662132343363
2524,322.56316724572105
2525,61.29641792801383
2526,81.75308023200259
2527,63.31680917980093
2528,72.1844733704116
2529,77.21405570774756
2530,87.23258252130127
2531,239.78428445837983
2532,77.39345961467535
2533,133.87471711055858
2534,125.7266577299512
2535,73.96623521894881
2536,77.51102353659057
2537,44.831354929514504
2538,79.27487918843872
2539,65.17968783255655
2540,87.42162494115496
2541,1130.5388872894587
2542,154.38752772571837
2543,96.99924574908586
2544,1394.150436454524
2545,66.25317538789633
2546,73.65826695392535
2547,57.69650002355743
2548,39.44035239321378
2549,254.44452782573646
2550,42.2658075313417
2551,58.06653938548246
2552,301.12242141494306
2553,67.02844372713537
2554,88.69816709217872
2555,30.777999300110878
2556,37.409222626186505
2557,107.54554630308179
2558,79.33043475962288
2559,120.00810626594807
2560,18.232994656161885
2561,105.68070378152656
2562,57.70831787044667
2563,187.54865651207177
2564,14.884208129282177
2565,170.59595064992445
2566,65.1563047191464
2567,52.43463731529322
2568,14.610866823417012
2569,91.31635292649767
2570,393.2483223617305
2571,42.2658075313417
2572,82.63012835818442
2573,163.4873261013668
2574,70.53625271009568
2575,161.33631420423978
2576,106.8474718079019
2577,140.28224004321322
2578,80.28255380279182
2579,88.43861195831641
2580,59.823856954588386
2581,56.46739474092581
2582,103.59657886829848
2583,71.22747900738291
2584,50.68757194114644
2585,70.95763343669626
2586,69.06377473552186
2587,66.3021851707836
2588,32.30404515013693
2589,77.56928782462411
2590,139.0194009021652
2591,138.11168518466192
2592,53.35546991118425
2593,82.96081572680015
2594,80.58828191672038
2595,127.3781420027806
2596,102.85515021533278
2597,62.817329544334164
2598,68.8730656295402
2599,62.88208457270794
2600,50.15451547690802
2601,69.86982135155839
2602,50.87560729050666
2603,69.03759542735432
2604,120.44618209483009
2605,146.76894581941482
2606,52.24115399280656
2607,63.12603792109057
2608,47.39520875295998
2609,64.17201792441725
2610,74.89327780433341
2611,53.85173654783088
2612,248.62959994013104
2613,121.48108052492357
2614,108.14599471054979
2615,46.44406367995368
2616,53.01440706586259
2617,24.566849628552553
2618,56.44862040685329
2619,122.10047240392554
2620,48.73294044269938
2621,166.32481666712792
2622,65.00872102771275
2623,129.3593222219889
2624,70.51249252800439
2625,105.64507768880182
2626,119.31502138855056
2627,75.73940641348261
2628,54.89945590387343
2629,88.70975995372194
2630,75.9286337030989
2631,71.28545466114034
2632,52.52284107395405
2633,99.56172142999004
2634,221.66900963247255
2635,51.58434748690018
2636,44.26618551688958
2637,133.85044351113058
2638,128.43108004229055
2639,109.56250288065749
2640,102.42413284718039
2641,52.803829836023276
2642,53.168142936346534
2643,195.64455205056686
2644,151.26489612623905
2645,65.1950719434952
2646,54.065782553877675
2647,78.42849011997927
2648,43.73261861028877
2649,30.586085720660282
2650,107.54554630308179
2651,101.85216255445015
2652,79.31467828135656
2653,93.89683564123042
2654,52.72569220765906
2655,187.68881467528124
2656,64.95431507644366
2657,56.13511551561928
2658,112.76772542517871
2659,182.376641293394
2660,347.42110819664776
2661,50.61866675278118
2662,292.7984119505377
2663,21.18531517393992
